SFX,BGM
0.9788233,0.5382408
