SFX,BGM
0.3475049,0.6856263
