SFX,BGM
0.4576394,0.08952982
